;NAME           FORMAT TITLE
============    ======= ========================== 
000-NETLIST     DIR     "Initial Design Data"
100-SIMULATION  DIR     "Simulation Stage"
200-SYNTHESIS   DIR     "Synthesis Stage"
300-DFT         DIR     "Design For Test"
400-APR         DIR     "Auto Place & Route"
410-FLOORPLAN   DIR     "APR Floorplan"
420-PLACED      DIR     "APR Placed DB"
430-CTS         DIR     "APR CTS"
440-ROUTED      DIR     "APR Routed DB"
450-OPTIMIZE    DIR     "APR Timing Optimization"
460-ECO         DIR     "APR ECO"
500-SIGNOFF     DIR     "Signoff Stage"
600-TAPEOUT     DIR     "Tapeout Database"
